{
  "Logistic Regression (ElasticNet)": {
    "accuracy": 0.6648190476190476,
    "precision": 0.6825048262548262,
    "recall": 0.8643156189835896,
    "f1": 0.7627253482194626,
    "roc_auc": 0.6947253846281587,
    "avg_precision": 0.7887971230791393,
    "confusion_matrix": [
      [
        13240,
        26314
      ],
      [
        8880,
        56566
      ]
    ],
    "true_negatives": 13240,
    "false_positives": 26314,
    "false_negatives": 8880,
    "true_positives": 56566,
    "specificity": 0.33473226475198464
  },
  "Random Forest": {
    "accuracy": 0.6509238095238096,
    "precision": 0.7364617380878078,
    "recall": 0.685114445497051,
    "f1": 0.7098607603954753,
    "roc_auc": 0.7009944898390948,
    "avg_precision": 0.79185795537181,
    "confusion_matrix": [
      [
        23509,
        16045
      ],
      [
        20608,
        44838
      ]
    ],
    "true_negatives": 23509,
    "false_positives": 16045,
    "false_negatives": 20608,
    "true_positives": 44838,
    "specificity": 0.5943520250796379
  },
  "LightGBM": {
    "accuracy": 0.652552380952381,
    "precision": 0.7744258318805427,
    "recall": 0.6244537481282278,
    "f1": 0.6914006327293644,
    "roc_auc": 0.7240416742853708,
    "avg_precision": 0.8085101923842117,
    "confusion_matrix": [
      [
        27650,
        11904
      ],
      [
        24578,
        40868
      ]
    ],
    "true_negatives": 27650,
    "false_positives": 11904,
    "false_negatives": 24578,
    "true_positives": 40868,
    "specificity": 0.6990443444405117
  },
  "Neural Network (MLP)": {
    "accuracy": 0.6235428571428572,
    "precision": 0.7613544691836076,
    "recall": 0.5768266968187513,
    "f1": 0.656367904025037,
    "roc_auc": 0.6962635874877914,
    "avg_precision": 0.78961586186883,
    "confusion_matrix": [
      [
        27721,
        11833
      ],
      [
        27695,
        37751
      ]
    ],
    "true_negatives": 27721,
    "false_positives": 11833,
    "false_negatives": 27695,
    "true_positives": 37751,
    "specificity": 0.7008393588511908
  }
}